subregion,area__ha
2,7883782.6531492089903395
1,6381803.51608695317942988
3,5819744.63959908415846696
4,3599577.68268864937830701
