"iso","adm1","adm2","area__ha"
"ESP",12,2,7883782.6531492089903395
"ESP",12,1,6381803.51608695317942988
"ESP",12,3,5819744.63959908415846696
"ESP",12,4,3599577.68268864937830701
